id,customer_id,type,points,description,order_id,created_at
002cf8d5-00fc-4121-9f27-4742b62f8c5e,e676e980-4a88-4c2a-8057-7392dbdeb921,earn,2,+2 tampons,110,2026-02-17 20:58:29.924835+00
00b05358-714c-43d5-8b1f-3669fa179819,1ff6f543-d8e9-4d47-ab40-3c9c73371276,earn,10,Bonus commande en ligne 🌐,53,2026-01-30 01:15:09.423111+00
0100460e-9fe8-485e-aa58-e684dc85ae90,c84f0d48-2b52-4214-b24c-98d2db33ca79,earn,28,Commande #65 (1pt/€),65,2026-01-31 21:01:08.010155+00
01328740-3a16-496b-b25c-66129aa7125f,1ff6f543-d8e9-4d47-ab40-3c9c73371276,earn,2,+2 tampons,62,2026-01-30 19:45:04.611472+00
0206e4fd-c505-4322-a24d-0c5407da8805,ac76d991-01f0-4e00-9242-3c9c34cf5375,earn,1,+1 tampon,74,2026-02-05 18:20:54.686666+00
027a2f30-d3e4-4d68-8a91-953986537de3,a873d327-aabf-4c68-bebe-25815a9e97a6,earn,2,+2 tampons,94,2026-02-10 20:59:12.905926+00
0436ba7d-f6e0-4e83-b462-75a67b6fa052,1ff6f543-d8e9-4d47-ab40-3c9c73371276,earn,10,Commande #011 (1pt/€),011,2026-01-25 22:51:05.006149+00
05490561-adfb-4f2b-88f6-533b76c0b78c,1ff6f543-d8e9-4d47-ab40-3c9c73371276,earn,2,+2 tampons,152,2026-03-15 15:37:24.757214+00
05924102-96ea-46a9-a1bb-728141a00787,af486538-8df6-4e40-8627-5365b07a63e2,earn,30,Bonus première commande 🎉,107,2026-02-16 17:10:19.094862+00
05fda83a-785c-434d-9909-d88d3628d12f,ac76d991-01f0-4e00-9242-3c9c34cf5375,earn,15,Commande #74 (1pt/€),74,2026-02-05 18:20:54.490268+00
0693074d-1623-43de-895f-cc7909bffeba,f30bd374-498b-4e2e-8144-42853a7b12e6,earn,18,Commande #122 (1pt/€),122,2026-02-21 17:20:15.006727+00
06a66230-98c7-4e5e-9483-ffd34644ce84,2a6c2a1f-8980-41fb-93ee-15ae544e85a8,earn,1,+1 tampon,96,2026-02-11 12:34:27.856905+00
07381ba2-32d2-4138-b840-5401fb540d83,e676e980-4a88-4c2a-8057-7392dbdeb921,earn,18,Commande #121 (1pt/€),121,2026-02-20 20:37:05.259157+00
07a75052-d4e1-4279-819f-c6bce617209c,1ff6f543-d8e9-4d47-ab40-3c9c73371276,earn,11,Commande #75 (1pt/€),75,2026-02-06 02:34:42.914432+00
08d85ea5-a156-4d26-9fed-cc9304a67179,1ff6f543-d8e9-4d47-ab40-3c9c73371276,earn,11,Commande #90 (1pt/€),90,2026-02-09 17:59:39.146854+00
0a85fdcf-8280-4d0b-ba4d-848c43d33f18,92510d12-fbfd-4b78-9c4d-ec74c362fee9,earn,10,Bonus commande en ligne 🌐,135,2026-02-26 19:23:11.315932+00
0b1cc90d-9f17-4d13-bd90-a5d6fa4371d4,fe101507-3cc8-42b1-87e9-8d4d568a1775,earn,2,+2 tampons,72,2026-02-05 11:59:47.9746+00
0b67a2ca-cf9e-4b71-998b-5a8df01b067e,a6f618d0-02c4-41b6-91dc-6e535f21f183,earn,10,Bonus commande en ligne 🌐,181,2026-04-03 21:30:25.400555+00
0c2f070f-be62-4c8a-967c-8d3f8c2d3b42,1ff6f543-d8e9-4d47-ab40-3c9c73371276,earn,10,Bonus commande en ligne 🌐,235,2026-01-23 23:13:30.082672+00
0d2b269c-bea8-4ae1-a592-c4f3fad58a3d,ac76d991-01f0-4e00-9242-3c9c34cf5375,earn,10,Bonus commande en ligne 🌐,74,2026-02-05 18:20:54.490268+00
0d5f0138-fab6-4fe7-8e17-b33b1c01b4a3,1be03aed-95fd-4040-9af4-4006c0f20ba5,earn,32,Commande #140 (1pt/€),140,2026-03-07 17:03:17.510376+00
0d855947-e61e-4d16-9b41-f1b45344c931,91b25027-98a9-4c80-9b31-f3b1fd053732,earn,10,Bonus commande en ligne 🌐,112,2026-02-17 21:34:20.090042+00
0dd8af6e-4845-4c81-a3d9-c5f0ba8a8b22,a873d327-aabf-4c68-bebe-25815a9e97a6,earn,10,Bonus commande en ligne 🌐,134,2026-02-26 18:24:52.849524+00
0e2c3ace-e8d8-4a79-a1d3-33e59331b3ee,1ff6f543-d8e9-4d47-ab40-3c9c73371276,earn,48,Commande #44 (1pt/€),44,2026-01-29 18:29:50.168597+00
0e2c7a9e-4ff5-4271-9b90-c7fbe8acf406,1ff6f543-d8e9-4d47-ab40-3c9c73371276,earn,1,+1 tampon,002,2026-01-25 02:57:50.358049+00
0e7cbf3f-b4be-48d8-80ee-b29d8167242e,522375cb-689c-4d37-94ee-f54b42fd46f3,earn,2,+2 tampons,157,2026-03-24 21:19:56.238627+00
0ecc112d-219c-417b-84be-cf8e8e021029,e676e980-4a88-4c2a-8057-7392dbdeb921,earn,23,Commande #109 (1pt/€),109,2026-02-16 21:06:34.933986+00
0eeb5f3c-09a2-4196-9f95-a27516fadf4e,2a6c2a1f-8980-41fb-93ee-15ae544e85a8,earn,11,Commande #96 (1pt/€),96,2026-02-11 12:34:27.612798+00
0ef70fcb-d409-4d21-8970-619a93a1de41,8f947b99-416e-4a40-875d-34a73baf02db,earn,2,+2 tampons,176,2026-04-02 16:02:24.000757+00
0ef71df8-5d48-479e-832d-b83b860970ef,fe101507-3cc8-42b1-87e9-8d4d568a1775,earn,22,Commande #72 (1pt/€),72,2026-02-05 11:59:47.789916+00
0fe7a224-c485-46da-a8fc-553c78c289d7,5dd2e211-caba-4a3a-8854-863492a12248,earn,30,Bonus première commande 🎉,142,2026-03-07 19:39:35.367161+00
101d8384-70d2-4199-b277-c2a847c9f7dc,a873d327-aabf-4c68-bebe-25815a9e97a6,earn,30,Bonus première commande 🎉,94,2026-02-10 20:59:12.486398+00
10cb2fa6-cd5a-4460-a3fc-d4ae33e01972,e676e980-4a88-4c2a-8057-7392dbdeb921,earn,2,+2 tampons,109,2026-02-16 21:06:35.305479+00
11135f24-e6c4-4cfb-8c97-34235df1acba,1ff6f543-d8e9-4d47-ab40-3c9c73371276,earn,1,+1 tampon,118,2026-02-20 16:01:31.815515+00
1192f7eb-1fe4-4240-a550-b4199c94e50c,1ff6f543-d8e9-4d47-ab40-3c9c73371276,earn,10,Bonus commande en ligne 🌐,78,2026-02-06 15:04:41.703939+00
11ebcb84-76c5-4541-bb14-76106e0fa36d,6397717d-5368-4c85-83f0-79bcee26c401,earn,30,Bonus première commande 🎉,007,2026-01-25 20:14:21.550143+00
13f6b34d-962e-4f6a-9919-58929a874d19,e676e980-4a88-4c2a-8057-7392dbdeb921,earn,10,Bonus commande en ligne 🌐,121,2026-02-20 20:37:05.259157+00
14098b56-a2d3-4ac5-88b9-853a5780a687,a6f618d0-02c4-41b6-91dc-6e535f21f183,earn,1,+1 tampon,181,2026-04-03 21:30:25.645215+00
1511adf6-5469-4917-b70f-f27a56393bc2,a6f618d0-02c4-41b6-91dc-6e535f21f183,earn,2,+2 tampons,168,2026-03-30 11:52:10.132494+00
156bc970-2a5b-4d5b-9f38-e784fe12898b,e676e980-4a88-4c2a-8057-7392dbdeb921,earn,2,+2 tampons,167,2026-03-30 11:04:02.478537+00
159c35f3-ff3c-404d-bc05-b36d7479fdef,1ff6f543-d8e9-4d47-ab40-3c9c73371276,earn,7,Commande #003 (1pt/€),003,2026-01-24 13:15:44.858956+00
15a409c1-bdea-4826-a535-e702a3ed79c0,fe101507-3cc8-42b1-87e9-8d4d568a1775,earn,1,+1 tampon,73,2026-02-05 18:15:48.537364+00
16a78ce2-6a5e-4631-8f2c-ded9e34b59af,e676e980-4a88-4c2a-8057-7392dbdeb921,earn,10,Bonus commande en ligne 🌐,231225-466,2026-01-17 22:12:26.140443+00
17b43458-d33c-473f-ad70-c217d19c111e,1ff6f543-d8e9-4d47-ab40-3c9c73371276,earn,10,Commande #86 (1pt/€),86,2026-02-09 12:21:18.306305+00
17c98603-3cce-4a32-a2d0-31aeb0dd3553,c84f0d48-2b52-4214-b24c-98d2db33ca79,earn,3,+3 tampons,105,2026-02-14 21:31:10.769407+00
182c2b8b-6f41-402d-8e9a-840a412a2d28,1ff6f543-d8e9-4d47-ab40-3c9c73371276,earn,10,Bonus commande en ligne 🌐,005,2026-01-25 20:05:54.180491+00
1aec5587-427e-4583-bce0-266770cb1284,e676e980-4a88-4c2a-8057-7392dbdeb921,earn,18,Commande #110 (1pt/€),110,2026-02-17 20:58:29.542279+00
1b57a315-bca3-40d3-8e02-642a71f49b99,1ff6f543-d8e9-4d47-ab40-3c9c73371276,earn,1,+1 tampon,235,2026-01-23 23:13:30.379265+00
1b7c23a2-2919-46fa-aa45-30609a962b2e,3b8c4fe3-6cbf-47c4-b919-cdff1ef6e11e,earn,1,+1 tampon,162,2026-03-27 12:00:24.259931+00
1ce78ad7-7e93-4870-b5bd-8366b67a3db0,e676e980-4a88-4c2a-8057-7392dbdeb921,earn,2,+2 tampons,165,2026-03-28 21:51:57.202707+00
1f82a688-0e72-481c-85ee-e89a611593c4,1ff6f543-d8e9-4d47-ab40-3c9c73371276,earn,10,Bonus commande en ligne 🌐,008,2026-01-25 21:11:31.440899+00
1f96affa-5651-4fdc-9c69-3844ee138fe5,1ff6f543-d8e9-4d47-ab40-3c9c73371276,earn,18,Commande #181727-405 (1pt/€),181727-405,2026-01-21 17:17:27.497225+00
1fc1008a-7125-44f3-ae7e-178b8b5ea34d,1be03aed-95fd-4040-9af4-4006c0f20ba5,earn,10,Bonus commande en ligne 🌐,130,2026-02-23 21:04:00.955103+00
200327f4-3789-48a5-b081-4134507da093,186f239a-2024-450d-8a0d-a47aa8a8fce9,earn,2,+2 tampons,178,2026-04-03 15:34:31.171807+00
2043be63-1a54-49ea-978d-3e0501580b89,e676e980-4a88-4c2a-8057-7392dbdeb921,earn,10,Bonus commande en ligne 🌐,110,2026-02-17 20:58:29.542279+00
20ad8d8a-14ab-4b5a-9327-354c5dd72839,1ff6f543-d8e9-4d47-ab40-3c9c73371276,earn,11,Commande #235 (1pt/€),235,2026-01-23 18:10:50.942791+00
20dfae46-8746-4f68-bcb1-96505e7228e5,1ff6f543-d8e9-4d47-ab40-3c9c73371276,earn,1,+1 tampon,42,2026-01-29 12:57:48.708373+00
2324d243-974d-44ab-94a8-ca134ecd5d9e,1ff6f543-d8e9-4d47-ab40-3c9c73371276,earn,1,+1 tampon,51,2026-01-30 00:58:24.650749+00
2385173f-5712-48fa-9558-6ec1a4becb8c,5050278b-b99e-4584-9688-709a76863f56,earn,10,Bonus commande en ligne 🌐,225937-169,2026-01-17 21:59:37.893377+00
23973fa0-103e-45c1-b3bb-e6f0206364ad,b2973ff5-4bbd-4368-844a-a01737435cfc,earn,10,Bonus commande en ligne 🌐,49,2026-01-29 23:44:02.01366+00
23b81570-a03e-45eb-b913-b890caf97b33,1ff6f543-d8e9-4d47-ab40-3c9c73371276,earn,25,Commande #78 (1pt/€),78,2026-02-06 15:04:41.703939+00
23ea35d7-f04b-4538-9d03-8c3c7b5563fc,cf74b2dc-ddc2-4e19-98af-ff46052f8c43,earn,10,Bonus commande en ligne 🌐,174,2026-04-01 17:22:06.7342+00
249b2f86-4e62-4d4f-b621-d5f9c10fa9bc,1ff6f543-d8e9-4d47-ab40-3c9c73371276,earn,3,+3 tampons,137,2026-03-05 19:57:25.486241+00
24c04b3a-f3f5-46bd-baf0-4d3f006e6d64,969495b1-e68e-4278-bf86-7ac8c6c6c831,earn,22,Commande #187 (1pt/€),187,2026-04-07 17:49:09.333365+00
2553f10d-ffbc-4f40-a05e-4c6e5900998e,1ff6f543-d8e9-4d47-ab40-3c9c73371276,earn,1,+1 tampon,235,2026-01-23 23:07:01.760389+00
255660ad-efad-4bef-abab-a4bb84adf2b4,1be03aed-95fd-4040-9af4-4006c0f20ba5,earn,9,Commande #123 (1pt/€),123,2026-02-21 19:14:18.620076+00
263a90d4-708a-4c4b-859a-cbfe07151429,af486538-8df6-4e40-8627-5365b07a63e2,earn,10,Bonus commande en ligne 🌐,114,2026-02-20 10:49:46.271992+00
264b8a90-fa62-4566-bee5-902682a76d74,92510d12-fbfd-4b78-9c4d-ec74c362fee9,earn,7,Commande #136 (1pt/€),136,2026-02-26 19:24:58.929048+00
270bc787-3f61-447b-98bb-3e40b6e1f73b,a6f618d0-02c4-41b6-91dc-6e535f21f183,earn,19,Commande #148 (1pt/€),148,2026-03-13 11:15:42.02677+00
2755a713-b657-4bf6-b3ac-5277dfd92114,1be03aed-95fd-4040-9af4-4006c0f20ba5,earn,2,+2 tampons,130,2026-02-23 21:04:01.171843+00
2759ba02-fe64-47ea-8a89-f72329c011c6,1ff6f543-d8e9-4d47-ab40-3c9c73371276,earn,10,Bonus commande en ligne 🌐,006,2026-01-25 20:10:32.851363+00
27cb0a3a-5683-425b-a874-0565927a9fd3,1ff6f543-d8e9-4d47-ab40-3c9c73371276,earn,1,+1 tampon,005,2026-01-24 16:21:21.748932+00
28fa28cd-66ab-4bcb-8808-e11fe82233cd,a6f618d0-02c4-41b6-91dc-6e535f21f183,earn,2,+2 tampons,148,2026-03-13 11:15:42.282475+00
2ababa0d-0753-417d-906b-313026b15a49,1ff6f543-d8e9-4d47-ab40-3c9c73371276,earn,1,+1 tampon,87,2026-02-09 12:22:30.301787+00
2ba9ba76-44de-4de6-a263-6a73944b3b23,2470d8f1-cdfc-4195-b582-2868496a4322,earn,10,Bonus commande en ligne 🌐,99,2026-02-12 11:18:18.171305+00
2bc5f6b5-c3ac-4965-8796-21d7e215eab7,cf74b2dc-ddc2-4e19-98af-ff46052f8c43,earn,10,Bonus commande en ligne 🌐,145,2026-03-09 20:18:02.467215+00
2bd7e130-afd7-4371-ac04-305d7fc07b20,1be03aed-95fd-4040-9af4-4006c0f20ba5,earn,3,+3 tampons,140,2026-03-07 17:03:17.91692+00
2c03c148-9cf0-4e47-bb20-c673a083c981,3b7a3719-5a26-44fe-88db-929da03b5f16,earn,1,+1 tampon,59,2026-01-30 02:15:35.029985+00
2c159893-e6af-4669-80ce-a6c985bb098c,78b2ff12-b7b3-480f-9108-6d8130a1a806,earn,30,Bonus première commande 🎉,003,2026-01-28 18:58:53.067868+00
2c165df0-e58c-4155-9058-c5ef972050ed,1ff6f543-d8e9-4d47-ab40-3c9c73371276,earn,3,+3 tampons,002,2026-01-26 12:17:20.840864+00
2c259cbd-1634-4089-a7ad-2a99b949db79,1ff6f543-d8e9-4d47-ab40-3c9c73371276,earn,10,Bonus commande en ligne 🌐,75,2026-02-06 02:34:42.914432+00
2da6dd32-f411-4351-b5a3-fa97dded4981,1ff6f543-d8e9-4d47-ab40-3c9c73371276,earn,10,Bonus commande en ligne 🌐,118,2026-02-20 16:01:31.591961+00
2df12175-896a-4508-ab2d-6396ea981afe,1ff6f543-d8e9-4d47-ab40-3c9c73371276,earn,1,+1 tampon,90,2026-02-09 17:59:39.36414+00
2e6efee8-20d1-4d21-9715-cbec36c91742,5050278b-b99e-4584-9688-709a76863f56,earn,30,Bonus première commande 🎉,225937-169,2026-01-17 21:59:37.893377+00
3018d12c-7c6c-43a3-b61c-8525c9601e21,b2973ff5-4bbd-4368-844a-a01737435cfc,earn,10,Bonus commande en ligne 🌐,46,2026-01-29 23:28:44.643003+00
302fae22-f848-457a-99c6-564216d52ee1,1ff6f543-d8e9-4d47-ab40-3c9c73371276,earn,18,Commande #89 (1pt/€),89,2026-02-09 17:58:51.509668+00
310ada42-6ede-4ead-ad45-744a44d30fc4,6dbabef3-5354-497a-997a-14e8eddd0878,earn,10,Bonus commande en ligne 🌐,129,2026-02-23 19:21:53.398764+00
312b5bed-ab65-43df-8813-26e63da08ecd,522375cb-689c-4d37-94ee-f54b42fd46f3,earn,36,Commande #157 (1pt/€),157,2026-03-24 21:19:55.897964+00
316b6256-4736-4520-9865-f8e413b46148,e676e980-4a88-4c2a-8057-7392dbdeb921,earn,11,Commande #111 (1pt/€),111,2026-02-17 21:05:25.42138+00
31848d5b-f0a9-45b9-a8b2-085efcd9ee43,1ff6f543-d8e9-4d47-ab40-3c9c73371276,earn,10,Bonus commande en ligne 🌐,170527-614,2026-01-17 16:05:29.774404+00
3295bc69-8a55-46aa-8063-2b2f343b9427,8aadf67b-b5cf-450b-a152-4cbfc2ed61de,earn,18,Commande #58 (1pt/€),58,2026-01-30 02:14:54.99192+00
32fa9a60-ee9b-42a0-befa-55f0ea81f1e4,1ff6f543-d8e9-4d47-ab40-3c9c73371276,earn,7,Commande #235 (1pt/€),235,2026-01-23 23:07:01.38432+00
3494aebf-4789-4e8a-b936-7bd3acf303a5,1ff6f543-d8e9-4d47-ab40-3c9c73371276,earn,12,Commande #43 (1pt/€),43,2026-01-29 12:59:20.309167+00
34e8f518-db78-454f-8c0a-264b18e0cf2f,1ff6f543-d8e9-4d47-ab40-3c9c73371276,earn,28,Commande #005 (1pt/€),005,2026-01-25 20:05:54.180491+00
34eb8aed-7641-4143-a388-7b76bf267db7,1ff6f543-d8e9-4d47-ab40-3c9c73371276,earn,31,Commande #137 (1pt/€),137,2026-03-05 19:57:24.803432+00
35165b72-6295-48aa-9f07-25828a570250,c6262567-ba59-4028-a82c-3bf2f8fb5b36,earn,1,+1 tampon,153,2026-03-21 18:32:46.660721+00
359446b9-f1c1-468d-ab41-70bbb1958a67,af486538-8df6-4e40-8627-5365b07a63e2,earn,30,Commande #114 (1pt/€),114,2026-02-20 10:49:46.271992+00
366aec3c-1b4b-4114-a0c9-1f97fd4bf798,2a6c2a1f-8980-41fb-93ee-15ae544e85a8,earn,39,Commande #67 (1pt/€),67,2026-02-03 20:40:25.203778+00
367df56a-8987-4e46-b41b-08c8a61fda68,1ff6f543-d8e9-4d47-ab40-3c9c73371276,earn,19,Commande #87 (1pt/€),87,2026-02-09 12:22:30.120011+00
368df0af-b828-4d2e-98c8-adb7c7634cfb,f30bd374-498b-4e2e-8144-42853a7b12e6,earn,30,Bonus première commande 🎉,122,2026-02-21 17:20:15.006727+00
36d32eeb-739f-4b2f-8c72-15119b0cebd3,1ff6f543-d8e9-4d47-ab40-3c9c73371276,earn,10,Commande #104156-801 (1pt/€),104156-801,2026-01-19 19:00:34.082132+00
388e8d9b-32c1-42e7-bd44-c4c990959a55,1ff6f543-d8e9-4d47-ab40-3c9c73371276,earn,10,Bonus commande en ligne 🌐,193527-949,2026-01-19 18:35:27.741401+00
399eed2f-aefe-4a0a-843f-3e1ab43fa15e,2a6c2a1f-8980-41fb-93ee-15ae544e85a8,earn,3,+3 tampons,67,2026-02-03 20:40:25.604661+00
3a42dde2-6dbb-4aa0-86f2-25a9407ebcdc,a6f618d0-02c4-41b6-91dc-6e535f21f183,earn,10,Bonus commande en ligne 🌐,146,2026-03-10 22:49:00.567913+00
3f27581e-ef6a-4767-9404-4380d393761c,b2973ff5-4bbd-4368-844a-a01737435cfc,earn,36,Commande #48 (1pt/€),48,2026-01-29 23:42:29.60488+00
3f4db746-001b-424c-b3f6-ebbabaecac8a,2a6c2a1f-8980-41fb-93ee-15ae544e85a8,earn,10,Bonus commande en ligne 🌐,95,2026-02-11 12:32:11.927546+00
3fa05bde-6e97-4fa9-85d6-adf14b2ee435,6dbabef3-5354-497a-997a-14e8eddd0878,earn,2,+2 tampons,119,2026-02-20 18:12:46.871975+00
408a54ac-88ba-400f-8899-062bdc97328e,5dd2e211-caba-4a3a-8854-863492a12248,earn,50,Commande #142 (1pt/€),142,2026-03-07 19:39:35.367161+00
408ea149-f73a-406f-a308-1ca750a53f7d,1ff6f543-d8e9-4d47-ab40-3c9c73371276,earn,10,Bonus commande en ligne 🌐,88,2026-02-09 17:16:46.21406+00
428352e7-c3a8-4050-934c-30786358b4b5,1ff6f543-d8e9-4d47-ab40-3c9c73371276,earn,21,Commande #192042-809 (1pt/€),192042-809,2026-01-21 18:20:42.813383+00
4298dd6a-3e69-4bfb-b96c-7839e390b357,1ff6f543-d8e9-4d47-ab40-3c9c73371276,earn,10,Bonus commande en ligne 🌐,62,2026-01-30 19:45:04.438961+00
42a18fca-345d-40e0-a191-5e5e2c8b0302,a6f618d0-02c4-41b6-91dc-6e535f21f183,earn,10,Commande #146 (1pt/€),146,2026-03-10 22:49:00.567913+00
43f90b25-bae4-4106-a6aa-6b8cd25d3568,6397717d-5368-4c85-83f0-79bcee26c401,earn,10,Bonus commande en ligne 🌐,55,2026-01-30 01:35:06.029681+00
4400fbd0-5138-4f31-a559-4f9e316aee60,78b2ff12-b7b3-480f-9108-6d8130a1a806,earn,2,+2 tampons,003,2026-01-28 18:58:53.798672+00
457b9f11-8eda-482a-bdd2-ab0396a0c126,1ff6f543-d8e9-4d47-ab40-3c9c73371276,earn,9,Commande #002 (1pt/€),002,2026-01-24 13:14:34.8427+00
45b86b66-7a51-41a4-859f-8ace81a3b7d9,1ff6f543-d8e9-4d47-ab40-3c9c73371276,earn,10,Bonus commande en ligne 🌐,192042-809,2026-01-21 18:20:42.813383+00
48a1e5e0-2031-42cb-b724-f5d03d802120,1ff6f543-d8e9-4d47-ab40-3c9c73371276,earn,10,Bonus commande en ligne 🌐,51,2026-01-30 00:58:24.469584+00
4a9c9760-7df1-485d-bd5a-85bd7009af54,1a9d39d5-c50c-4ac4-95f9-460767e5d677,earn,14,Commande #188 (1pt/€),188,2026-04-07 18:13:56.335661+00
4ad3c969-a0e0-47fd-8bca-df017d5812dc,b2973ff5-4bbd-4368-844a-a01737435cfc,earn,10,Bonus commande en ligne 🌐,48,2026-01-29 23:42:29.60488+00
4bc40b77-ddc1-4301-b448-4c1de459855b,5ba24b66-4cb8-4d24-9256-6640c9d7a82a,earn,2,+2 tampons,179,2026-04-03 16:48:08.095403+00
4bc70ee8-2beb-456d-82f3-2b3c15300017,a873d327-aabf-4c68-bebe-25815a9e97a6,earn,18,Commande #134 (1pt/€),134,2026-02-26 18:24:52.849524+00
4bf00bea-872b-47d4-b351-d53cadb9bf94,5dd2e211-caba-4a3a-8854-863492a12248,earn,30,Commande #171 (1pt/€),171,2026-03-31 18:34:57.322944+00
4c35d9a3-7bc9-4c7e-8ad8-366b25a1e795,c6262567-ba59-4028-a82c-3bf2f8fb5b36,earn,2,+2 tampons,92,2026-02-10 18:58:59.163923+00
4c39f33b-5e51-4626-9795-b750c9804528,1ff6f543-d8e9-4d47-ab40-3c9c73371276,earn,1,+1 tampon,011,2026-01-25 22:51:05.355031+00
4ca4e22e-9ce3-4c79-914e-8acdb9249c7d,c6262567-ba59-4028-a82c-3bf2f8fb5b36,earn,18,Commande #92 (1pt/€),92,2026-02-10 18:58:58.521972+00
4d50983c-06ea-490b-bfcd-0de352dc8699,b2973ff5-4bbd-4368-844a-a01737435cfc,earn,2,+2 tampons,48,2026-01-29 23:42:30.046138+00
4d5b46ae-4dc4-453a-a98a-7677b3a44555,cf74b2dc-ddc2-4e19-98af-ff46052f8c43,earn,13,Commande #143 (1pt/€),143,2026-03-07 20:44:58.318369+00
4dcec700-1742-473d-8c93-1704a0a9a4a5,a6f618d0-02c4-41b6-91dc-6e535f21f183,earn,10,Bonus commande en ligne 🌐,168,2026-03-30 11:52:09.754574+00
4e0cfba6-0d81-47e9-858a-e4d8d8cfac77,a6f618d0-02c4-41b6-91dc-6e535f21f183,earn,10,Bonus commande en ligne 🌐,56,2026-01-30 01:39:35.57823+00
4e3fa63e-2197-447b-9702-3de79d1fff14,1ff6f543-d8e9-4d47-ab40-3c9c73371276,earn,10,Bonus commande en ligne 🌐,005,2026-01-24 16:21:21.450024+00
4e47a09e-5c54-4330-872c-ef17037ff68e,c84f0d48-2b52-4214-b24c-98d2db33ca79,earn,1,+1 tampon,65,2026-01-31 21:01:08.344756+00
4e8072d0-80fe-470c-923e-e17cbc005bca,fe101507-3cc8-42b1-87e9-8d4d568a1775,earn,10,Bonus commande en ligne 🌐,73,2026-02-05 18:15:48.338263+00
50aa28d5-4bf7-41f2-b16c-e30020b5364a,af486538-8df6-4e40-8627-5365b07a63e2,earn,10,Bonus commande en ligne 🌐,107,2026-02-16 17:10:19.094862+00
51b0920f-e3fc-4905-bcdf-bf871f86c37c,1ff6f543-d8e9-4d47-ab40-3c9c73371276,earn,28,Commande #002 (1pt/€),002,2026-01-26 12:17:20.653379+00
520d9592-1084-400d-ad78-69fabba5362c,1ff6f543-d8e9-4d47-ab40-3c9c73371276,earn,18,Commande #237 (1pt/€),237,2026-01-23 23:43:18.709335+00
53f26168-2462-4915-b117-af3e59c96202,a6f618d0-02c4-41b6-91dc-6e535f21f183,earn,30,Bonus première commande 🎉,56,2026-01-30 01:39:35.57823+00
543f6b73-df0a-4796-9591-a831a303a5e1,1ff6f543-d8e9-4d47-ab40-3c9c73371276,earn,18,Commande #235 (1pt/€),235,2026-01-23 23:13:30.082672+00
544e9a89-225d-4749-b84f-d1cf111bda7b,6397717d-5368-4c85-83f0-79bcee26c401,earn,18,Commande #57 (1pt/€),57,2026-01-30 01:40:14.217382+00
54a168b3-df36-4390-a460-e29869bdf083,522375cb-689c-4d37-94ee-f54b42fd46f3,earn,1,+1 tampon,158,2026-03-24 21:21:48.007153+00
54d0035a-15a4-4338-90bc-db4cb7ea0a2f,5050278b-b99e-4584-9688-709a76863f56,earn,18,Commande #225937-169 (1pt/€),225937-169,2026-01-17 21:59:37.893377+00
550f2b94-1cea-433f-97e7-7034e279d14f,c84f0d48-2b52-4214-b24c-98d2db33ca79,earn,10,Bonus commande en ligne 🌐,65,2026-01-31 21:01:08.010155+00
58414012-0ba8-41df-bf5e-8b348e4e6c97,522375cb-689c-4d37-94ee-f54b42fd46f3,earn,10,Bonus commande en ligne 🌐,157,2026-03-24 21:19:55.897964+00
5924363d-4ea7-41e7-9991-e93f293e58d5,b2973ff5-4bbd-4368-844a-a01737435cfc,earn,1,+1 tampon,46,2026-01-29 23:28:45.005792+00
5a4c32b4-15d5-4163-958c-9e55e41c8f9b,cf74b2dc-ddc2-4e19-98af-ff46052f8c43,earn,2,+2 tampons,145,2026-03-09 20:18:03.074336+00
5aa21c01-f1ce-48a0-8900-3f8582babab4,e676e980-4a88-4c2a-8057-7392dbdeb921,earn,40,Commande #182 (1pt/€),182,2026-04-04 18:54:14.558079+00
5ac5e723-6994-4ee8-ab43-33e5ef825487,1ff6f543-d8e9-4d47-ab40-3c9c73371276,earn,4,+4 tampons,193527-949,2026-01-19 18:35:28.190019+00
5b35007c-d07f-4833-a0c3-2a1331f02ada,cf74b2dc-ddc2-4e19-98af-ff46052f8c43,earn,3,+3 tampons,174,2026-04-01 17:22:07.237401+00
5bf23ab2-c76c-4f39-ac35-d33be4b9cb96,e676e980-4a88-4c2a-8057-7392dbdeb921,earn,10,Bonus commande en ligne 🌐,182,2026-04-04 18:54:14.558079+00
5e3b774b-3233-45ce-9b02-971ec1e29296,1ff6f543-d8e9-4d47-ab40-3c9c73371276,earn,9,Commande #005 (1pt/€),005,2026-01-24 16:21:21.450024+00
5e88f355-3900-41cd-b680-8151951719b9,1ff6f543-d8e9-4d47-ab40-3c9c73371276,earn,1,+1 tampon,002,2026-01-24 13:14:35.079865+00
5ecc6143-5040-4fd4-8011-b6d5055b1c50,a6f618d0-02c4-41b6-91dc-6e535f21f183,earn,10,Bonus commande en ligne 🌐,155,2026-03-23 19:48:26.313532+00
5edf2008-d559-4f88-800a-ac956da2551b,1ff6f543-d8e9-4d47-ab40-3c9c73371276,earn,7,Commande #001 (1pt/€),001,2026-01-24 13:11:55.182103+00
5fbc8bbe-7658-482e-9088-9cbff1544bd1,1ff6f543-d8e9-4d47-ab40-3c9c73371276,earn,1,+1 tampon,003,2026-01-25 16:32:22.105652+00
60aaf020-6eca-4a3b-bdeb-2e2ec65d031b,1ff6f543-d8e9-4d47-ab40-3c9c73371276,earn,1,+1 tampon,43,2026-01-29 12:59:20.504505+00
625ce6fe-e71c-47da-89a2-676dc440770d,03d7792d-8f1a-4516-9a71-1a509131d626,earn,30,Bonus première commande 🎉,159,2026-03-25 18:38:52.597709+00
62d85e20-21c7-4dd0-8f4a-f4477743d5fd,969495b1-e68e-4278-bf86-7ac8c6c6c831,earn,30,Bonus première commande 🎉,187,2026-04-07 17:49:09.333365+00
634a449d-1228-4cdb-b543-cfe419786537,1ff6f543-d8e9-4d47-ab40-3c9c73371276,earn,10,Bonus commande en ligne 🌐,001,2026-01-26 10:04:38.27262+00
64c711c9-c95b-4900-9cf5-898ee682e74f,969495b1-e68e-4278-bf86-7ac8c6c6c831,earn,1,+1 tampon,187,2026-04-07 17:49:09.639622+00
64f7853f-2e79-4e05-9928-1c9a10e6e57f,1ff6f543-d8e9-4d47-ab40-3c9c73371276,earn,1,+1 tampon,009,2026-01-25 21:38:29.525113+00
652f60bd-c2c3-45b7-8acd-bce13dfe2a9b,92510d12-fbfd-4b78-9c4d-ec74c362fee9,earn,10,Bonus commande en ligne 🌐,136,2026-02-26 19:24:58.929048+00
65475384-d552-4b5b-a89d-c5ba46c66efa,2a6c2a1f-8980-41fb-93ee-15ae544e85a8,earn,10,Bonus commande en ligne 🌐,96,2026-02-11 12:34:27.612798+00
657b59b5-1b1d-40a3-aab4-1ee62456996b,1ff6f543-d8e9-4d47-ab40-3c9c73371276,earn,10,Bonus commande en ligne 🌐,104156-801,2026-01-19 19:00:34.082132+00
65a8b766-7b4c-4489-95c1-b81aa5f91cfd,1ff6f543-d8e9-4d47-ab40-3c9c73371276,earn,10,Bonus commande en ligne 🌐,002,2026-01-25 02:57:49.805956+00
66b47984-7940-487f-b3a0-8db933be1648,1ff6f543-d8e9-4d47-ab40-3c9c73371276,earn,10,Bonus commande en ligne 🌐,235,2026-01-23 23:07:01.38432+00
67371c82-824d-44fb-90d1-a629f71b0b56,c84f0d48-2b52-4214-b24c-98d2db33ca79,earn,30,Bonus première commande 🎉,63,2026-01-30 21:25:16.255901+00
675acc7f-6a94-48b1-963f-9fc6ebe4f995,b2973ff5-4bbd-4368-844a-a01737435cfc,earn,10,Bonus commande en ligne 🌐,47,2026-01-29 23:40:23.24944+00
6894bba3-5eb1-4568-b645-4d5bd46ba86e,1ff6f543-d8e9-4d47-ab40-3c9c73371276,earn,2,+2 tampons,005,2026-01-25 20:05:55.154991+00
690017d1-5d4b-444d-86bb-ee2459db4aa8,186f239a-2024-450d-8a0d-a47aa8a8fce9,earn,30,Bonus première commande 🎉,178,2026-04-03 15:34:30.386762+00
692d876b-21bf-4860-afbb-bceaf8d40ed1,c4bc2da3-0960-4e2c-bd51-09c37e4564e3,earn,4,+4 tampons,183,2026-04-04 19:23:09.910011+00
69e5f409-e0a7-431b-b471-17d9a9ca3678,1ff6f543-d8e9-4d47-ab40-3c9c73371276,earn,10,Bonus commande en ligne 🌐,237,2026-01-23 23:43:18.709335+00
6b57aef8-c06f-4086-9f83-be6d757a72bc,c6262567-ba59-4028-a82c-3bf2f8fb5b36,earn,30,Bonus première commande 🎉,92,2026-02-10 18:58:58.521972+00
6b80fb0b-af04-484f-8af4-4029806d9d74,1ff6f543-d8e9-4d47-ab40-3c9c73371276,earn,1,+1 tampon,236,2026-01-23 23:34:36.797367+00
6bb72dd1-4379-4049-9e38-e30bd0d2f2a7,e676e980-4a88-4c2a-8057-7392dbdeb921,earn,30,Bonus première commande 🎉,231225-466,2026-01-17 22:12:26.140443+00
6c09621b-1b43-426e-a521-94301c375851,03d7792d-8f1a-4516-9a71-1a509131d626,earn,10,Bonus commande en ligne 🌐,159,2026-03-25 18:38:52.597709+00
6ca0ea1b-fc9f-4684-bed9-100aa6037f3c,91b25027-98a9-4c80-9b31-f3b1fd053732,earn,2,+2 tampons,112,2026-02-17 21:34:20.584695+00
6cceac0d-0577-4ac4-a054-ec332ec0d1b2,6397717d-5368-4c85-83f0-79bcee26c401,earn,10,Bonus commande en ligne 🌐,007,2026-01-25 20:14:21.550143+00
6d547a37-308b-422d-a760-92e757c009c4,6397717d-5368-4c85-83f0-79bcee26c401,earn,2,+2 tampons,77,2026-02-06 03:30:24.717348+00
6e49abfc-0b00-4777-ad87-ae2fa0bc0f44,91b25027-98a9-4c80-9b31-f3b1fd053732,earn,18,Commande #112 (1pt/€),112,2026-02-17 21:34:20.090042+00
6ed92f0e-b347-46fd-8836-1b1572e80c16,1ff6f543-d8e9-4d47-ab40-3c9c73371276,earn,1,+1 tampon,78,2026-02-06 15:04:41.907555+00
6f12dc91-f81c-43b6-8ac2-30a8f6e6b796,a6f618d0-02c4-41b6-91dc-6e535f21f183,earn,10,Bonus commande en ligne 🌐,148,2026-03-13 11:15:42.02677+00
7044fad7-eabe-4477-88f1-d5e63835342b,1ff6f543-d8e9-4d47-ab40-3c9c73371276,earn,5,+5 tampons,203010-992,2026-01-17 19:30:11.092565+00
7127a191-a6db-43a3-bcc8-0d835a0fa561,1ff6f543-d8e9-4d47-ab40-3c9c73371276,earn,10,Bonus commande en ligne 🌐,002,2026-01-24 13:14:34.8427+00
7151734d-f457-45e3-a7f1-d152066e42bc,78b2ff12-b7b3-480f-9108-6d8130a1a806,earn,28,Commande #003 (1pt/€),003,2026-01-28 18:58:53.067868+00
7176e895-f241-443d-bd75-f6916b4ffac7,e676e980-4a88-4c2a-8057-7392dbdeb921,earn,2,+2 tampons,121,2026-02-20 20:37:05.677839+00
73e5e2f2-2083-4b9e-b443-a9b46c1e8261,1ff6f543-d8e9-4d47-ab40-3c9c73371276,earn,30,Bonus première commande 🎉,170527-614,2026-01-17 16:05:29.774404+00
7471d071-0ce3-43f5-af01-dae943f42790,1ff6f543-d8e9-4d47-ab40-3c9c73371276,earn,36,Commande #012 (1pt/€),012,2026-01-25 23:24:37.469717+00
75da9192-a4d6-4c6e-93ec-7da32c674283,cf74b2dc-ddc2-4e19-98af-ff46052f8c43,earn,2,+2 tampons,172,2026-03-31 19:09:18.568257+00
75f6723c-da3b-4123-95a5-743624f748ee,03d7792d-8f1a-4516-9a71-1a509131d626,earn,3,+3 tampons,159,2026-03-25 18:38:52.820997+00
76183338-dd3f-495b-a12d-46d7bcd9b395,c84f0d48-2b52-4214-b24c-98d2db33ca79,earn,29,Commande #105 (1pt/€),105,2026-02-14 21:31:10.340861+00
76873536-72fe-493c-8145-cfbe9a34956d,5dd2e211-caba-4a3a-8854-863492a12248,earn,10,Bonus commande en ligne 🌐,171,2026-03-31 18:34:57.322944+00
76d9b9f1-ae31-454a-9c52-0727854fcf75,c84f0d48-2b52-4214-b24c-98d2db33ca79,earn,10,Commande #63 (1pt/€),63,2026-01-30 21:25:16.255901+00
76ee9071-3277-45f4-8a21-6bddd5548e43,1ff6f543-d8e9-4d47-ab40-3c9c73371276,earn,1,+1 tampon,001,2026-01-26 10:04:38.455975+00
77145598-9926-400b-8f3e-42a66b096a96,522375cb-689c-4d37-94ee-f54b42fd46f3,earn,7,Commande #158 (1pt/€),158,2026-03-24 21:21:47.781697+00
7829ca71-e78a-4989-a1a3-ed94434d4e6d,f30bd374-498b-4e2e-8144-42853a7b12e6,earn,10,Bonus commande en ligne 🌐,122,2026-02-21 17:20:15.006727+00
7c095531-126b-4d33-8d24-cb35aba186ae,1ff6f543-d8e9-4d47-ab40-3c9c73371276,redeem,-47,Commande offerte (Reset tampons),,2026-01-17 16:07:54.443576+00
7c0e1f29-9ba6-4a46-bc93-dc07b4d9ea95,1ff6f543-d8e9-4d47-ab40-3c9c73371276,earn,3,+3 tampons,002,2026-01-28 18:51:19.313081+00
7de1b6b8-ddde-400d-9aff-b6c549f45aec,e676e980-4a88-4c2a-8057-7392dbdeb921,earn,22,Commande #231225-466 (1pt/€),231225-466,2026-01-17 22:12:26.140443+00
7e1e6d42-2c46-49ed-a4b0-2b68e753e8bb,1a9d39d5-c50c-4ac4-95f9-460767e5d677,earn,30,Bonus première commande 🎉,188,2026-04-07 18:13:56.335661+00
7f4d85a3-d649-44b1-9d00-2df149c8fcfb,2a6c2a1f-8980-41fb-93ee-15ae544e85a8,earn,2,+2 tampons,100,2026-02-12 12:26:22.294482+00
8055a9b5-0fdf-45ac-8b2c-405d37d31f1e,1ff6f543-d8e9-4d47-ab40-3c9c73371276,earn,10,Bonus commande en ligne 🌐,52,2026-01-30 01:14:29.84978+00
80df18dc-84cd-4597-b082-cc58d6ef2e45,1ff6f543-d8e9-4d47-ab40-3c9c73371276,earn,10,Commande #010 (1pt/€),010,2026-01-25 22:16:09.50465+00
8123beb7-d63e-4489-ae8b-1c6a5b9d6308,8aadf67b-b5cf-450b-a152-4cbfc2ed61de,earn,10,Bonus commande en ligne 🌐,58,2026-01-30 02:14:54.99192+00
82257ae6-1ddc-477e-87ec-8f3c77a5b42d,5ba24b66-4cb8-4d24-9256-6640c9d7a82a,earn,29,Commande #179 (1pt/€),179,2026-04-03 16:48:07.762869+00
822f93b1-91b6-47fc-9b88-58ed0ebe88ab,186f239a-2024-450d-8a0d-a47aa8a8fce9,earn,10,Bonus commande en ligne 🌐,178,2026-04-03 15:34:30.386762+00
83666d60-9a20-461f-967d-afccb4ae1fcc,a6f618d0-02c4-41b6-91dc-6e535f21f183,earn,10,Commande #155 (1pt/€),155,2026-03-23 19:48:26.313532+00
856b63cd-d743-43c2-bb40-07798ea624c5,1ff6f543-d8e9-4d47-ab40-3c9c73371276,earn,18,Commande #002 (1pt/€),002,2026-01-25 02:57:49.805956+00
861a5761-dc10-4ac0-8f34-2d7ec705862f,2a6c2a1f-8980-41fb-93ee-15ae544e85a8,earn,27,Commande #100 (1pt/€),100,2026-02-12 12:26:22.055857+00
87142e04-61bd-4f0d-a836-69119e3e7d51,3b8c4fe3-6cbf-47c4-b919-cdff1ef6e11e,earn,30,Bonus première commande 🎉,162,2026-03-27 12:00:24.008651+00
8714a888-5a8c-4800-952d-d6d9b7ba64ad,1ff6f543-d8e9-4d47-ab40-3c9c73371276,earn,10,Bonus commande en ligne 🌐,87,2026-02-09 12:22:30.120011+00
878d6878-5389-404e-9084-1ef3800308a0,1ff6f543-d8e9-4d47-ab40-3c9c73371276,earn,10,Bonus commande en ligne 🌐,89,2026-02-09 17:58:51.509668+00
88058429-4a8c-4bde-9caf-f8bccdbabd7f,c4bc2da3-0960-4e2c-bd51-09c37e4564e3,earn,36,Commande #183 (1pt/€),183,2026-04-04 19:23:09.715617+00
8882c8d1-1511-4087-91f7-de4e7533fc21,b2973ff5-4bbd-4368-844a-a01737435cfc,earn,18,Commande #49 (1pt/€),49,2026-01-29 23:44:02.01366+00
889d44ad-0738-4b65-84c0-7f1d70bdc090,8f947b99-416e-4a40-875d-34a73baf02db,earn,25,Commande #176 (1pt/€),176,2026-04-02 16:02:23.77984+00
8921d0f2-fffd-4c1f-b5d1-20a8e9aaaf5f,1ff6f543-d8e9-4d47-ab40-3c9c73371276,earn,10,Bonus commande en ligne 🌐,54,2026-01-30 01:23:54.337423+00
8a57eabd-444e-4c2f-8567-7687e16a59d6,1be03aed-95fd-4040-9af4-4006c0f20ba5,earn,30,Bonus première commande 🎉,123,2026-02-21 19:14:18.620076+00
8ab884a6-00bf-432b-a9b5-a68e4f12de3f,6dbabef3-5354-497a-997a-14e8eddd0878,earn,18,Commande #129 (1pt/€),129,2026-02-23 19:21:53.398764+00
8ae086a9-b279-4ecc-b4b6-3b4fe8273dc2,b2973ff5-4bbd-4368-844a-a01737435cfc,earn,1,+1 tampon,49,2026-01-29 23:44:02.330247+00
8b900c15-731d-47f5-82e1-963893e22a13,1ff6f543-d8e9-4d47-ab40-3c9c73371276,earn,18,Commande #53 (1pt/€),53,2026-01-30 01:15:09.423111+00
8c29c39c-f863-4125-a6ef-8678571b93a2,1ff6f543-d8e9-4d47-ab40-3c9c73371276,earn,36,Commande #193527-949 (1pt/€),193527-949,2026-01-19 18:35:27.741401+00
8f50a450-6769-4083-8a0d-cdd93afbb869,a6f618d0-02c4-41b6-91dc-6e535f21f183,earn,1,+1 tampon,56,2026-01-30 01:39:35.872941+00
90e68533-6746-40f2-bcf9-2bf178807821,1ff6f543-d8e9-4d47-ab40-3c9c73371276,earn,10,Commande #001 (1pt/€),001,2026-01-26 10:04:38.27262+00
915a619b-0da8-4342-acc9-bff8fe658fa6,1ff6f543-d8e9-4d47-ab40-3c9c73371276,earn,10,Bonus commande en ligne 🌐,003,2026-01-24 13:15:44.858956+00
931c65f0-c6e0-489e-a6b9-be8eb126d856,1ff6f543-d8e9-4d47-ab40-3c9c73371276,earn,10,Bonus commande en ligne 🌐,012,2026-01-25 23:24:37.469717+00
93dc0825-dfce-4856-918f-4faedad7017b,8f947b99-416e-4a40-875d-34a73baf02db,earn,30,Bonus première commande 🎉,176,2026-04-02 16:02:23.77984+00
9436935a-b3f0-4c08-9a93-8770be103fea,1ff6f543-d8e9-4d47-ab40-3c9c73371276,earn,1,+1 tampon,53,2026-01-30 01:15:09.633859+00
9447cf92-387c-4da4-aa85-f223b59bc7f7,e676e980-4a88-4c2a-8057-7392dbdeb921,earn,4,+4 tampons,182,2026-04-04 18:54:14.779862+00
945f3d6a-df54-47ef-a3c0-81a09d81c30c,1ff6f543-d8e9-4d47-ab40-3c9c73371276,earn,10,Bonus commande en ligne 🌐,009,2026-01-25 21:38:29.176886+00
94d1cdeb-a126-4d24-ab29-00b267fef643,1ff6f543-d8e9-4d47-ab40-3c9c73371276,earn,1,+1 tampon,235,2026-01-23 18:10:51.149081+00
94e31614-b64d-4746-8b6f-d5760eac2789,1ff6f543-d8e9-4d47-ab40-3c9c73371276,earn,10,Commande #008 (1pt/€),008,2026-01-25 21:11:31.440899+00
9590bfe8-3183-46c2-9c4c-5a0630db9552,1ff6f543-d8e9-4d47-ab40-3c9c73371276,earn,10,Commande #004 (1pt/€),004,2026-01-25 19:54:10.58226+00
96439a79-d414-487b-9017-9a5e4ce93f62,1ff6f543-d8e9-4d47-ab40-3c9c73371276,earn,1,+1 tampon,006,2026-01-25 20:10:33.663693+00
9776e94c-f505-4cbb-a185-8f24296f538a,1be03aed-95fd-4040-9af4-4006c0f20ba5,earn,10,Bonus commande en ligne 🌐,140,2026-03-07 17:03:17.510376+00
97e264be-2f50-4aca-ac9d-2254660cfee9,cf74b2dc-ddc2-4e19-98af-ff46052f8c43,earn,1,+1 tampon,143,2026-03-07 20:44:58.590731+00
97e52827-d27a-4cf8-919f-40bc17139a49,1ff6f543-d8e9-4d47-ab40-3c9c73371276,earn,10,Commande #009 (1pt/€),009,2026-01-25 21:38:29.176886+00
994d36ec-7582-4ff1-9011-ae27b2b66ce4,1ff6f543-d8e9-4d47-ab40-3c9c73371276,earn,1,+1 tampon,170527-614,2026-01-17 16:05:30.180251+00
99bb75a1-9b6a-4433-ada9-dd6f90282cdf,1ff6f543-d8e9-4d47-ab40-3c9c73371276,earn,18,Commande #42 (1pt/€),42,2026-01-29 12:57:48.51997+00
9a1d88ce-0731-43e0-b98d-d1f621fd1dd1,91b25027-98a9-4c80-9b31-f3b1fd053732,earn,30,Bonus première commande 🎉,112,2026-02-17 21:34:20.090042+00
9aee259f-011e-4f88-a5ab-2ecaa5bd7710,cf74b2dc-ddc2-4e19-98af-ff46052f8c43,earn,64,Commande #174 (1pt/€),174,2026-04-01 17:22:06.7342+00
9b2384bf-bf9c-4b33-a23e-a1622a435b3c,e676e980-4a88-4c2a-8057-7392dbdeb921,earn,10,Bonus commande en ligne 🌐,109,2026-02-16 21:06:34.933986+00
9b27434e-8410-48eb-869e-99115dbd2304,1ff6f543-d8e9-4d47-ab40-3c9c73371276,earn,10,Bonus commande en ligne 🌐,86,2026-02-09 12:21:18.306305+00
9bb184b2-f1cb-4ec3-8ccb-db1344055648,186f239a-2024-450d-8a0d-a47aa8a8fce9,earn,25,Commande #178 (1pt/€),178,2026-04-03 15:34:30.386762+00
9c5466e4-af72-489b-b0c7-b06ca8e7b551,1a9d39d5-c50c-4ac4-95f9-460767e5d677,earn,1,+1 tampon,188,2026-04-07 18:13:56.731619+00
9c85f0f0-e416-403d-93d8-e399a0284b24,5dd2e211-caba-4a3a-8854-863492a12248,earn,10,Bonus commande en ligne 🌐,142,2026-03-07 19:39:35.367161+00
9cd41f99-e46d-4965-b9ed-3e53a5080772,522375cb-689c-4d37-94ee-f54b42fd46f3,earn,10,Bonus commande en ligne 🌐,158,2026-03-24 21:21:47.781697+00
9d84a1cd-7611-492c-9ed8-1ca6e3685bd8,1ff6f543-d8e9-4d47-ab40-3c9c73371276,earn,10,Bonus commande en ligne 🌐,83,2026-02-08 23:59:28.826505+00
9d94395d-082a-4ef3-9ba7-2a3ec609af66,1ff6f543-d8e9-4d47-ab40-3c9c73371276,earn,10,Bonus commande en ligne 🌐,137,2026-03-05 19:57:24.803432+00
9e055ae8-ee86-4519-a4c4-afad84e11f59,1ff6f543-d8e9-4d47-ab40-3c9c73371276,earn,1,+1 tampon,003,2026-01-24 13:15:45.01858+00
9fa8f1be-0f26-46ac-9e77-7d8435319482,03d7792d-8f1a-4516-9a71-1a509131d626,earn,25,Commande #159 (1pt/€),159,2026-03-25 18:38:52.597709+00
a0cb6265-d88a-4708-a004-1ac2655485ca,2a6c2a1f-8980-41fb-93ee-15ae544e85a8,earn,24,Commande #95 (1pt/€),95,2026-02-11 12:32:11.927546+00
a0fd05ab-1d66-44b0-b651-11ae6ebf540e,1ff6f543-d8e9-4d47-ab40-3c9c73371276,earn,1,+1 tampon,001,2026-01-25 00:58:13.280727+00
a1f3678c-9610-4f53-8d93-84382925ca3e,3b7a3719-5a26-44fe-88db-929da03b5f16,earn,25,Commande #59 (1pt/€),59,2026-01-30 02:15:34.86899+00
a2a31b27-b2d4-4256-9eae-6a1abab12df7,1ff6f543-d8e9-4d47-ab40-3c9c73371276,earn,10,Bonus commande en ligne 🌐,007,2026-01-24 23:19:33.342104+00
a31acd9d-6859-4cfd-8235-9b3588885e51,5dd2e211-caba-4a3a-8854-863492a12248,earn,2,+2 tampons,171,2026-03-31 18:34:57.55315+00
a473d75e-f7ab-4e70-8f5a-e692ce6653ce,b2973ff5-4bbd-4368-844a-a01737435cfc,earn,1,+1 tampon,47,2026-01-29 23:40:23.805578+00
a4d57d4f-38b1-4684-91cf-bf818e34d056,6397717d-5368-4c85-83f0-79bcee26c401,earn,10,Bonus commande en ligne 🌐,50,2026-01-30 00:57:11.616564+00
a5be42f4-06e9-4ff3-acf0-df14bb269001,1ff6f543-d8e9-4d47-ab40-3c9c73371276,earn,1,+1 tampon,75,2026-02-06 02:34:43.43554+00
a5d59619-095a-461e-af77-918cf9402a17,1be03aed-95fd-4040-9af4-4006c0f20ba5,earn,1,+1 tampon,123,2026-02-21 19:14:18.94158+00
a5f32ae8-d337-44b7-a739-162dd4df7faf,6dbabef3-5354-497a-997a-14e8eddd0878,earn,18,Commande #119 (1pt/€),119,2026-02-20 18:12:46.531362+00
a70636df-3eed-47b8-b0d9-d6bb812b309d,6397717d-5368-4c85-83f0-79bcee26c401,earn,1,+1 tampon,55,2026-01-30 01:35:06.290971+00
a707eaa1-b11a-4411-8dd8-ad1e9514ad52,2a6c2a1f-8980-41fb-93ee-15ae544e85a8,redeem,-8,Commande offerte (Reset tampons),,2026-02-20 14:17:01.894197+00
a7da5927-b1aa-4381-ae02-0c35ab0adc64,8aadf67b-b5cf-450b-a152-4cbfc2ed61de,earn,2,+2 tampons,58,2026-01-30 02:14:55.195417+00
a862a325-246b-4f38-9913-95264773f0f2,5050278b-b99e-4584-9688-709a76863f56,redeem,-60,Commande offerte (Reset tampons),,2026-01-24 15:55:20.931451+00
a9a1588c-401f-4bcd-8685-2793a04e3e1a,522375cb-689c-4d37-94ee-f54b42fd46f3,earn,30,Bonus première commande 🎉,157,2026-03-24 21:19:55.897964+00
a9d1dd83-98ac-485c-a5ab-532274a87144,1ff6f543-d8e9-4d47-ab40-3c9c73371276,earn,10,Commande #88 (1pt/€),88,2026-02-09 17:16:46.21406+00
aa93d8b1-2b1f-49e0-9594-28fbbff119a8,5dd2e211-caba-4a3a-8854-863492a12248,earn,4,+4 tampons,142,2026-03-07 19:39:35.562347+00
aafbcb41-294d-4f6f-99d0-1424071d6a24,1ff6f543-d8e9-4d47-ab40-3c9c73371276,earn,1,+1 tampon,008,2026-01-25 21:11:32.172929+00
ab4c0031-2202-477d-b10b-a9e0b2c02c26,2a6c2a1f-8980-41fb-93ee-15ae544e85a8,earn,2,+2 tampons,95,2026-02-11 12:32:12.123531+00
ab66df5f-ed52-4f59-8a10-733e919601e1,1ff6f543-d8e9-4d47-ab40-3c9c73371276,earn,9,Commande #118 (1pt/€),118,2026-02-20 16:01:31.591961+00
ab7777fd-903c-4aac-ba8f-09f892031419,92510d12-fbfd-4b78-9c4d-ec74c362fee9,earn,1,+1 tampon,135,2026-02-26 19:23:11.59875+00
ab8db45a-5a50-4525-9e56-1711f6ab979b,5ba24b66-4cb8-4d24-9256-6640c9d7a82a,earn,30,Bonus première commande 🎉,179,2026-04-03 16:48:07.762869+00
abbdab54-90be-4344-b666-b4c4e9e1b9bf,c4bc2da3-0960-4e2c-bd51-09c37e4564e3,earn,10,Bonus commande en ligne 🌐,183,2026-04-04 19:23:09.715617+00
ac48a5ad-64ab-4a42-820d-30b5d618c62b,1ff6f543-d8e9-4d47-ab40-3c9c73371276,earn,18,Commande #45 (1pt/€),45,2026-01-29 23:00:12.208991+00
acd56daa-8fb7-4fa9-a695-17c2fc525bd4,1ff6f543-d8e9-4d47-ab40-3c9c73371276,earn,10,Commande #006 (1pt/€),006,2026-01-25 20:10:32.851363+00
acf05841-db16-4dd7-a3cf-fda7ba059c5d,8aadf67b-b5cf-450b-a152-4cbfc2ed61de,earn,30,Bonus première commande 🎉,58,2026-01-30 02:14:54.99192+00
ad29cddf-c573-4003-8838-c34bfe20f654,cf74b2dc-ddc2-4e19-98af-ff46052f8c43,earn,10,Bonus commande en ligne 🌐,143,2026-03-07 20:44:58.318369+00
ae45dc97-3ad2-4894-a291-059bbcc7329c,6397717d-5368-4c85-83f0-79bcee26c401,earn,19,Commande #77 (1pt/€),77,2026-02-06 03:30:24.546344+00
ae6d4949-2729-4764-b042-3ad0311be6e0,1ff6f543-d8e9-4d47-ab40-3c9c73371276,earn,18,Commande #54 (1pt/€),54,2026-01-30 01:23:54.337423+00
af318467-3d82-41c2-88b0-e9b20da015df,1ff6f543-d8e9-4d47-ab40-3c9c73371276,earn,23,Commande #001 (1pt/€),001,2026-01-25 00:58:12.876639+00
af920a5e-1e0c-4447-a849-e959c512c9a4,fe101507-3cc8-42b1-87e9-8d4d568a1775,earn,10,Bonus commande en ligne 🌐,72,2026-02-05 11:59:47.789916+00
b1a2aa6f-adc9-4717-b3f5-d900241a5483,92510d12-fbfd-4b78-9c4d-ec74c362fee9,earn,7,Commande #135 (1pt/€),135,2026-02-26 19:23:11.315932+00
b1fb6a11-4117-468b-825c-fb760f71c5f1,cf74b2dc-ddc2-4e19-98af-ff46052f8c43,earn,23,Commande #172 (1pt/€),172,2026-03-31 19:09:17.979928+00
b307402f-3e8d-4b14-b5d4-2d0a92deef9c,1ff6f543-d8e9-4d47-ab40-3c9c73371276,earn,1,+1 tampon,007,2026-01-24 23:19:33.714274+00
b393aa89-2f7e-4439-9398-74c31c77835b,b2973ff5-4bbd-4368-844a-a01737435cfc,earn,18,Commande #46 (1pt/€),46,2026-01-29 23:28:44.643003+00
b51b4050-46d5-4ad9-a3a5-35913ddef6ec,92510d12-fbfd-4b78-9c4d-ec74c362fee9,earn,30,Bonus première commande 🎉,135,2026-02-26 19:23:11.315932+00
b5aa6678-ce95-40e4-a1f8-8efeb62691a0,6397717d-5368-4c85-83f0-79bcee26c401,earn,1,+1 tampon,50,2026-01-30 00:57:12.028581+00
b6317681-aa44-4b44-88e0-0e717d2343b4,e676e980-4a88-4c2a-8057-7392dbdeb921,earn,10,Bonus commande en ligne 🌐,111,2026-02-17 21:05:25.42138+00
b6af2ed3-dc7b-4064-ae32-1b2c0da4d6b8,1a9d39d5-c50c-4ac4-95f9-460767e5d677,earn,10,Bonus commande en ligne 🌐,188,2026-04-07 18:13:56.335661+00
b72e9b39-cdbc-4781-acba-1612b6ca0c44,1ff6f543-d8e9-4d47-ab40-3c9c73371276,redeem,-21,Commande offerte (Reset tampons),,2026-01-24 15:54:55.20274+00
b7451f73-18cd-4d24-86aa-bedc1bd09511,2470d8f1-cdfc-4195-b582-2868496a4322,earn,1,+1 tampon,99,2026-02-12 11:18:18.655907+00
b7b1f195-e8d7-4116-be89-1644e5de1251,6397717d-5368-4c85-83f0-79bcee26c401,earn,1,+1 tampon,57,2026-01-30 01:40:14.387711+00
b7d83398-ce63-480d-aedb-6ef507c381db,5050278b-b99e-4584-9688-709a76863f56,earn,2,+2 tampons,225937-169,2026-01-17 21:59:38.102223+00
b7de4501-2da8-49c0-a667-094bdbaea107,1ff6f543-d8e9-4d47-ab40-3c9c73371276,earn,1,+1 tampon,83,2026-02-08 23:59:29.191432+00
b84ffbb5-3121-4c3a-b1b6-78e5fe8a3e5d,c84f0d48-2b52-4214-b24c-98d2db33ca79,earn,1,+1 tampon,63,2026-01-30 21:25:16.584171+00
b9ec9df0-676f-46cc-9fd4-b3b90ec9b053,92510d12-fbfd-4b78-9c4d-ec74c362fee9,earn,1,+1 tampon,136,2026-02-26 19:24:59.135982+00
ba085210-8d05-4b35-8cd6-d1a481483eb0,1ff6f543-d8e9-4d47-ab40-3c9c73371276,earn,10,Bonus commande en ligne 🌐,010,2026-01-25 22:16:09.50465+00
bacbd228-f1d5-4a16-8b6c-9ed18a5ec7bb,e676e980-4a88-4c2a-8057-7392dbdeb921,earn,2,+2 tampons,231225-466,2026-01-17 22:12:26.363923+00
bc1a7c2d-55c4-4066-9915-e52ecc77710f,af486538-8df6-4e40-8627-5365b07a63e2,earn,1,+1 tampon,114,2026-02-20 10:49:46.530596+00
bd1a3c69-ca9f-43f0-b1b8-c5ce354a85d5,1ff6f543-d8e9-4d47-ab40-3c9c73371276,earn,10,Commande #83 (1pt/€),83,2026-02-08 23:59:28.826505+00
bdbf0dfe-be97-41ca-98b1-0b42bec27626,1ff6f543-d8e9-4d47-ab40-3c9c73371276,earn,10,Bonus commande en ligne 🌐,90,2026-02-09 17:59:39.146854+00
bf082f3e-4944-468b-afab-e0310d3dc23a,af486538-8df6-4e40-8627-5365b07a63e2,earn,4,+4 tampons,107,2026-02-16 17:10:19.287433+00
bf9f30ff-e47f-4841-bc8e-c7ef753579f3,c6262567-ba59-4028-a82c-3bf2f8fb5b36,earn,10,Bonus commande en ligne 🌐,153,2026-03-21 18:32:46.21503+00
c0715d25-727f-440f-a92f-e5eb9468fe3a,1ff6f543-d8e9-4d47-ab40-3c9c73371276,earn,10,Bonus commande en ligne 🌐,203010-992,2026-01-17 19:30:10.897417+00
c0c2c26c-3be1-412f-8e5d-62efb4e74910,1ff6f543-d8e9-4d47-ab40-3c9c73371276,redeem,-57,Commande offerte (Reset tampons),,2026-01-17 21:57:27.397686+00
c132e27a-54cc-4f63-a429-8667b36336f1,1ff6f543-d8e9-4d47-ab40-3c9c73371276,earn,10,Bonus commande en ligne 🌐,001,2026-01-25 00:58:12.876639+00
c1c48f7e-c0f9-42fb-bfd6-a5830e2f3c4a,c4bc2da3-0960-4e2c-bd51-09c37e4564e3,earn,30,Bonus première commande 🎉,183,2026-04-04 19:23:09.715617+00
c2d5ca0c-90dc-4754-a72c-cc47becce8ab,1ff6f543-d8e9-4d47-ab40-3c9c73371276,earn,1,+1 tampon,45,2026-01-29 23:00:12.647256+00
c4675a10-a8bc-4f34-a0b9-e7b7bc47f959,1ff6f543-d8e9-4d47-ab40-3c9c73371276,earn,18,Commande #52 (1pt/€),52,2026-01-30 01:14:29.84978+00
c62cbd2c-e9a7-4a7d-a34f-1eafbc6ff4bd,1ff6f543-d8e9-4d47-ab40-3c9c73371276,earn,2,+2 tampons,89,2026-02-09 17:58:51.740756+00
c66d310b-03f2-4236-b3c4-bdf9faff48c4,78b2ff12-b7b3-480f-9108-6d8130a1a806,earn,10,Bonus commande en ligne 🌐,003,2026-01-28 18:58:53.067868+00
c7e9231b-e004-4787-8a19-9508018edbe1,1ff6f543-d8e9-4d47-ab40-3c9c73371276,earn,3,+3 tampons,012,2026-01-25 23:24:37.750484+00
c8e78e76-6c69-43cb-a925-0d17236c5c10,1ff6f543-d8e9-4d47-ab40-3c9c73371276,earn,1,+1 tampon,010,2026-01-25 22:16:09.802584+00
c99f2d17-9461-4762-ac00-269a5d2010e5,1ff6f543-d8e9-4d47-ab40-3c9c73371276,earn,1,+1 tampon,76,2026-02-06 03:19:18.970247+00
c9d053db-5575-4131-9c31-71476fc40723,e676e980-4a88-4c2a-8057-7392dbdeb921,earn,10,Bonus commande en ligne 🌐,165,2026-03-28 21:51:56.951766+00
caabfd09-5899-4fae-83a3-b36e48523755,1ff6f543-d8e9-4d47-ab40-3c9c73371276,earn,1,+1 tampon,52,2026-01-30 01:14:30.035263+00
cb970395-2542-4021-a3ed-19ea5213c4b8,969495b1-e68e-4278-bf86-7ac8c6c6c831,earn,10,Bonus commande en ligne 🌐,187,2026-04-07 17:49:09.333365+00
cbfd0d63-12f3-4613-9c2e-d562e1f9c5db,6397717d-5368-4c85-83f0-79bcee26c401,earn,18,Commande #50 (1pt/€),50,2026-01-30 00:57:11.616564+00
cc95b462-8091-4d94-ab6c-6b508fc238db,1be03aed-95fd-4040-9af4-4006c0f20ba5,earn,19,Commande #130 (1pt/€),130,2026-02-23 21:04:00.955103+00
cd3f441c-1489-4be2-a5dc-ccc03168093c,2470d8f1-cdfc-4195-b582-2868496a4322,earn,30,Bonus première commande 🎉,99,2026-02-12 11:18:18.171305+00
cdfb8ea2-6c35-4680-adad-6ab03946204e,a873d327-aabf-4c68-bebe-25815a9e97a6,earn,2,+2 tampons,134,2026-02-26 18:24:53.289588+00
ced29abc-9f77-4f77-80fd-e9147a9b91bc,6397717d-5368-4c85-83f0-79bcee26c401,earn,3,Commande #007 (1pt/€),007,2026-01-25 20:14:21.550143+00
cf0ec253-99d8-4be9-87c6-f9e8c8249e10,2a6c2a1f-8980-41fb-93ee-15ae544e85a8,earn,10,Bonus commande en ligne 🌐,100,2026-02-12 12:26:22.055857+00
cf7b97c9-de01-4558-a38a-73ece3a51287,2470d8f1-cdfc-4195-b582-2868496a4322,earn,18,Commande #99 (1pt/€),99,2026-02-12 11:18:18.171305+00
cfa48f11-7737-4128-80f9-a518a85772a3,1ff6f543-d8e9-4d47-ab40-3c9c73371276,earn,20,Commande #152 (1pt/€),152,2026-03-15 15:37:24.50135+00
cfcc075d-b62b-4860-b186-f82794b373ea,1ff6f543-d8e9-4d47-ab40-3c9c73371276,earn,10,Bonus commande en ligne 🌐,235,2026-01-23 18:10:50.942791+00
cfecd968-07e4-4138-8af9-2f8555fad55b,1ff6f543-d8e9-4d47-ab40-3c9c73371276,earn,2,+2 tampons,192042-809,2026-01-21 18:20:43.036437+00
d27286ee-d91a-4117-83ca-ade2068e4975,1ff6f543-d8e9-4d47-ab40-3c9c73371276,earn,10,Bonus commande en ligne 🌐,152,2026-03-15 15:37:24.50135+00
d2bd3ff2-01c4-47c0-a33a-bdb0a34d9e7f,6397717d-5368-4c85-83f0-79bcee26c401,earn,18,Commande #55 (1pt/€),55,2026-01-30 01:35:06.029681+00
d33625df-b05c-4345-a1ff-5e02db158e27,1ff6f543-d8e9-4d47-ab40-3c9c73371276,earn,1,+1 tampon,181727-405,2026-01-21 17:17:27.681113+00
d3c2f26d-ff93-45bc-af51-2dfcf4078c72,b2973ff5-4bbd-4368-844a-a01737435cfc,earn,18,Commande #47 (1pt/€),47,2026-01-29 23:40:23.24944+00
d442bc0d-f799-4ad6-9b17-ec8008e6ad6b,e676e980-4a88-4c2a-8057-7392dbdeb921,earn,18,Commande #165 (1pt/€),165,2026-03-28 21:51:56.951766+00
d91c733b-75f9-4ecc-aa71-848b1cc2bb12,1ff6f543-d8e9-4d47-ab40-3c9c73371276,earn,47,Commande #203010-992 (1pt/€),203010-992,2026-01-17 19:30:10.897417+00
d9d4f745-7e0d-45a9-a7f7-0ed672f3f5d4,f30bd374-498b-4e2e-8144-42853a7b12e6,earn,2,+2 tampons,122,2026-02-21 17:20:15.42761+00
da0972fc-5edf-429b-b424-3460e4cd3a2a,1ff6f543-d8e9-4d47-ab40-3c9c73371276,earn,1,+1 tampon,237,2026-01-23 23:43:18.986225+00
da2d354d-f4f6-41a9-9156-4e376f38dd8d,1ff6f543-d8e9-4d47-ab40-3c9c73371276,earn,1,+1 tampon,104156-801,2026-01-19 19:00:35.348302+00
da5ef4ed-db64-4ac8-99bf-c78cbfab4b14,8f947b99-416e-4a40-875d-34a73baf02db,earn,10,Bonus commande en ligne 🌐,176,2026-04-02 16:02:23.77984+00
da687635-85bd-4fdc-88bc-8906020bfe01,1ff6f543-d8e9-4d47-ab40-3c9c73371276,earn,10,Bonus commande en ligne 🌐,42,2026-01-29 12:57:48.51997+00
da993b15-52ca-4b08-b3bb-9d5f38056016,1ff6f543-d8e9-4d47-ab40-3c9c73371276,earn,10,Bonus commande en ligne 🌐,004,2026-01-25 19:54:10.58226+00
dab01caa-7a8b-4283-8cdb-5c8f552a2d97,1ff6f543-d8e9-4d47-ab40-3c9c73371276,earn,10,Bonus commande en ligne 🌐,43,2026-01-29 12:59:20.309167+00
dac38385-d9dd-4a33-aa9a-da6e7c7875be,3b7a3719-5a26-44fe-88db-929da03b5f16,earn,10,Bonus commande en ligne 🌐,59,2026-01-30 02:15:34.86899+00
db9a2ea4-a114-42be-ad46-c373e3a4c593,1ff6f543-d8e9-4d47-ab40-3c9c73371276,earn,23,Commande #51 (1pt/€),51,2026-01-30 00:58:24.469584+00
dbaf08d2-eb10-4c25-9a22-508b0ba55b0d,a873d327-aabf-4c68-bebe-25815a9e97a6,earn,18,Commande #94 (1pt/€),94,2026-02-10 20:59:12.486398+00
dcb020fa-9eaf-41bc-b332-1a3edb8586a0,1ff6f543-d8e9-4d47-ab40-3c9c73371276,earn,10,Bonus commande en ligne 🌐,011,2026-01-25 22:51:05.006149+00
dcb42b63-d7e6-4b73-86f9-9c4242288aad,a6f618d0-02c4-41b6-91dc-6e535f21f183,earn,1,+1 tampon,155,2026-03-23 19:48:26.63572+00
dd870cb0-aad0-494b-bdda-d4a123e8fc9f,1ff6f543-d8e9-4d47-ab40-3c9c73371276,earn,1,+1 tampon,004,2026-01-25 19:54:11.268372+00
dd88aade-88f1-4a2b-aea3-af4f9f47269c,1ff6f543-d8e9-4d47-ab40-3c9c73371276,earn,10,Bonus commande en ligne 🌐,001,2026-01-24 13:11:55.182103+00
de52a104-777d-4a57-8291-22407884fb17,1ff6f543-d8e9-4d47-ab40-3c9c73371276,earn,40,Commande #002 (1pt/€),002,2026-01-28 18:51:19.07624+00
defc6183-9db3-4b06-8495-97ada6168718,cf74b2dc-ddc2-4e19-98af-ff46052f8c43,earn,30,Bonus première commande 🎉,143,2026-03-07 20:44:58.318369+00
df58f704-2e82-4c96-9a5e-00be61251353,6dbabef3-5354-497a-997a-14e8eddd0878,earn,10,Bonus commande en ligne 🌐,119,2026-02-20 18:12:46.531362+00
e03a0603-58b0-43bc-90bf-e990eb387caf,a6f618d0-02c4-41b6-91dc-6e535f21f183,earn,10,Commande #181 (1pt/€),181,2026-04-03 21:30:25.400555+00
e0a97f4c-c6b5-4d20-92e0-38ddbb8b382a,ac76d991-01f0-4e00-9242-3c9c34cf5375,earn,30,Bonus première commande 🎉,74,2026-02-05 18:20:54.490268+00
e0b75589-b703-4674-945d-e6b98f73c4c5,1ff6f543-d8e9-4d47-ab40-3c9c73371276,earn,7,Commande #170527-614 (1pt/€),170527-614,2026-01-17 16:05:29.774404+00
e1b0f31d-9846-40bf-8637-ecfe9696d65b,1ff6f543-d8e9-4d47-ab40-3c9c73371276,earn,1,+1 tampon,86,2026-02-09 12:21:18.537022+00
e23b411c-a195-42ef-9243-7ea2b2d6d682,a6f618d0-02c4-41b6-91dc-6e535f21f183,earn,18,Commande #56 (1pt/€),56,2026-01-30 01:39:35.57823+00
e2959f32-6450-45ce-a43f-45bc89f3a73f,1ff6f543-d8e9-4d47-ab40-3c9c73371276,earn,1,+1 tampon,54,2026-01-30 01:23:55.50905+00
e3024405-5abc-498c-b28d-9c0f5c660420,2a6c2a1f-8980-41fb-93ee-15ae544e85a8,earn,30,Bonus première commande 🎉,67,2026-02-03 20:40:25.203778+00
e34a3c0e-97a2-4c8d-b170-6380527f5b41,5ba24b66-4cb8-4d24-9256-6640c9d7a82a,earn,10,Bonus commande en ligne 🌐,179,2026-04-03 16:48:07.762869+00
e364dfaa-7d96-4347-9974-319c22f2e1b7,a6f618d0-02c4-41b6-91dc-6e535f21f183,earn,1,+1 tampon,146,2026-03-10 22:49:00.850684+00
e3f3e1bb-2f8f-4acb-be5e-06323099cccd,3b8c4fe3-6cbf-47c4-b919-cdff1ef6e11e,earn,25,Commande #162 (1pt/€),162,2026-03-27 12:00:24.008651+00
e4369395-5894-4a28-98ca-e9a6a5d50616,c84f0d48-2b52-4214-b24c-98d2db33ca79,earn,10,Bonus commande en ligne 🌐,63,2026-01-30 21:25:16.255901+00
e45baf64-e6af-43a3-b831-58011bace371,a6f618d0-02c4-41b6-91dc-6e535f21f183,earn,25,Commande #168 (1pt/€),168,2026-03-30 11:52:09.754574+00
e8e6037a-a3c8-4fcc-bcb9-25d172639375,1ff6f543-d8e9-4d47-ab40-3c9c73371276,earn,10,Bonus commande en ligne 🌐,003,2026-01-25 16:32:21.857491+00
eaa20574-6dd2-4c32-a9be-d48b1660c122,1ff6f543-d8e9-4d47-ab40-3c9c73371276,earn,10,Bonus commande en ligne 🌐,45,2026-01-29 23:00:12.208991+00
eba6b821-d82e-4d2b-bbca-031ba39e3844,a873d327-aabf-4c68-bebe-25815a9e97a6,earn,10,Bonus commande en ligne 🌐,94,2026-02-10 20:59:12.486398+00
ecf3ff46-7be0-4f5b-90a8-85614bb5527b,1ff6f543-d8e9-4d47-ab40-3c9c73371276,redeem,-32,Commande offerte (Reset tampons),,2026-01-25 21:41:54.561421+00
edc63af0-8bb4-4403-b4db-ff15e50db2f6,af486538-8df6-4e40-8627-5365b07a63e2,earn,36,Commande #107 (1pt/€),107,2026-02-16 17:10:19.094862+00
ede2efd7-8135-48b8-90cc-dc2bc8136e81,e676e980-4a88-4c2a-8057-7392dbdeb921,earn,18,Commande #167 (1pt/€),167,2026-03-30 11:04:02.200631+00
ee89cf9e-082d-4725-b0e8-b290d4f0ef2e,1ff6f543-d8e9-4d47-ab40-3c9c73371276,earn,10,Bonus commande en ligne 🌐,236,2026-01-23 23:34:36.522582+00
eef09c00-de0f-4868-93fc-5e12cb577627,e676e980-4a88-4c2a-8057-7392dbdeb921,earn,1,+1 tampon,111,2026-02-17 21:05:25.782659+00
efd44d80-bdd7-4681-b46e-57255d7b6948,1ff6f543-d8e9-4d47-ab40-3c9c73371276,earn,2,+2 tampons,44,2026-01-29 18:29:50.443433+00
f1c9015f-64c8-4f8e-a5a3-19ae0294fa17,3b8c4fe3-6cbf-47c4-b919-cdff1ef6e11e,earn,10,Bonus commande en ligne 🌐,162,2026-03-27 12:00:24.008651+00
f294c926-e212-4ca8-9078-607ddf5539c1,6dbabef3-5354-497a-997a-14e8eddd0878,earn,30,Bonus première commande 🎉,119,2026-02-20 18:12:46.531362+00
f2dc32be-eb9f-48cd-824f-8cbe6e960af3,c6262567-ba59-4028-a82c-3bf2f8fb5b36,earn,10,Bonus commande en ligne 🌐,92,2026-02-10 18:58:58.521972+00
f3b04e3f-26a1-43fc-b2d2-72fe303b86d2,6397717d-5368-4c85-83f0-79bcee26c401,earn,10,Bonus commande en ligne 🌐,57,2026-01-30 01:40:14.217382+00
f404b7eb-0248-4046-a30c-78dbd8de6677,fe101507-3cc8-42b1-87e9-8d4d568a1775,earn,30,Bonus première commande 🎉,72,2026-02-05 11:59:47.789916+00
f4df3fcc-b3d5-4a36-87c7-27fe17ce9d43,c84f0d48-2b52-4214-b24c-98d2db33ca79,earn,10,Bonus commande en ligne 🌐,105,2026-02-14 21:31:10.340861+00
f5257117-d522-40f2-993b-c9c01ac8c26a,1ff6f543-d8e9-4d47-ab40-3c9c73371276,earn,22,Commande #62 (1pt/€),62,2026-01-30 19:45:04.438961+00
f54c4cc8-a9c3-4922-a04a-ebabc3e0fa92,cf74b2dc-ddc2-4e19-98af-ff46052f8c43,earn,10,Bonus commande en ligne 🌐,172,2026-03-31 19:09:17.979928+00
f7075246-2213-4308-92b1-b9a86b4d5f1e,1ff6f543-d8e9-4d47-ab40-3c9c73371276,earn,10,Bonus commande en ligne 🌐,002,2026-01-28 18:51:19.07624+00
f77545ae-86fd-43a3-9f87-cc3ea27bd105,1ff6f543-d8e9-4d47-ab40-3c9c73371276,earn,10,Bonus commande en ligne 🌐,44,2026-01-29 18:29:50.168597+00
f7962dc2-2817-418c-b9bd-e594ab5b197b,b2973ff5-4bbd-4368-844a-a01737435cfc,earn,30,Bonus première commande 🎉,46,2026-01-29 23:28:44.643003+00
f7c2bf73-393a-4f3e-868f-5dc22b0255e3,c6262567-ba59-4028-a82c-3bf2f8fb5b36,earn,20,Commande #153 (1pt/€),153,2026-03-21 18:32:46.21503+00
f82b8817-7ede-49d6-b87f-d56c5031d1c4,1ff6f543-d8e9-4d47-ab40-3c9c73371276,earn,12,Commande #76 (1pt/€),76,2026-02-06 03:19:18.806705+00
f85efe26-b0a6-4e6a-9d00-b57f1a737b01,1ff6f543-d8e9-4d47-ab40-3c9c73371276,earn,10,Bonus commande en ligne 🌐,76,2026-02-06 03:19:18.806705+00
f8aa0f72-12bb-4d42-bf61-dc7d67900427,1be03aed-95fd-4040-9af4-4006c0f20ba5,earn,10,Bonus commande en ligne 🌐,123,2026-02-21 19:14:18.620076+00
faf9a3b5-cf0a-4635-8b89-35513bb9b36a,1ff6f543-d8e9-4d47-ab40-3c9c73371276,earn,10,Bonus commande en ligne 🌐,181727-405,2026-01-21 17:17:27.497225+00
fb598151-fe74-4004-9ea1-5ba2274f7af9,fe101507-3cc8-42b1-87e9-8d4d568a1775,earn,10,Commande #73 (1pt/€),73,2026-02-05 18:15:48.338263+00
fc16010b-5c19-495c-9cd8-425b1005a4f7,cf74b2dc-ddc2-4e19-98af-ff46052f8c43,earn,25,Commande #145 (1pt/€),145,2026-03-09 20:18:02.467215+00
fc93fc09-3391-4eab-b65b-2d26dd93ef5c,1ff6f543-d8e9-4d47-ab40-3c9c73371276,earn,10,Bonus commande en ligne 🌐,002,2026-01-26 12:17:20.653379+00
fc966bad-69cb-4c2e-a84c-e33f468db24e,6dbabef3-5354-497a-997a-14e8eddd0878,earn,2,+2 tampons,129,2026-02-23 19:21:53.971552+00
fcea1895-2fbd-48e1-8a8d-67f5d85bc0ea,1ff6f543-d8e9-4d47-ab40-3c9c73371276,earn,18,Commande #236 (1pt/€),236,2026-01-23 23:34:36.522582+00
fd002bae-8ab2-4f8f-b95e-458bfeb61ed2,1ff6f543-d8e9-4d47-ab40-3c9c73371276,earn,10,Commande #003 (1pt/€),003,2026-01-25 16:32:21.857491+00
fd7b88ff-9c7d-48a9-81fc-f756bbfef058,6397717d-5368-4c85-83f0-79bcee26c401,earn,10,Bonus commande en ligne 🌐,77,2026-02-06 03:30:24.546344+00
fe9f7514-7d66-48c4-a2ad-336a3f3fe7bd,3b7a3719-5a26-44fe-88db-929da03b5f16,earn,30,Bonus première commande 🎉,59,2026-01-30 02:15:34.86899+00
fef63eb5-26c6-4859-8fa2-6513119840d1,2a6c2a1f-8980-41fb-93ee-15ae544e85a8,earn,10,Bonus commande en ligne 🌐,67,2026-02-03 20:40:25.203778+00
ff34c6b2-3528-49e0-a9ee-f3bf0da01a2a,1ff6f543-d8e9-4d47-ab40-3c9c73371276,earn,10,Commande #007 (1pt/€),007,2026-01-24 23:19:33.342104+00
ffa3c127-e650-49ec-80f3-6c7bae534c88,e676e980-4a88-4c2a-8057-7392dbdeb921,earn,10,Bonus commande en ligne 🌐,167,2026-03-30 11:04:02.200631+00